{
    "N": 100000,
    "final_time": 1000000,
    "x0": 0.0,
    "v0": 1,
    "thinned": false,
    "iat": 2.967566215617186,
    "eff_samples_size": 33697.64741010245
}