{
    "N": 100000,
    "final_time": 1000000,
    "class": "GaussZigZag1d",
    "x0": 0.0,
    "poisson_thinned": false,
    "mu_pi": 0,
    "sigma_pi": 1,
    "msd": 1.0015340696172916,
    "iat": 2.984105616648714,
    "eff_sample_size": 33510.87824843966
}