{
    "N": 100000,
    "final_time": 100000,
    "class": "GaussZigZag2d",
    "x0": [
        0.0,
        0.0
    ],
    "poisson_thinned": false,
    "msd": 1.000597236305932,
    "iat": 3.620947087305753,
    "eff_sample_size": 55234.1680719821
}